Pedro,43,Zárate
Margarita,59,Pilar
Ciro,27,Bahía Blanca
Maria,26,Mar del Plata
Ian,65,Moreno
Zoe,52,Bahía Blanca
Florencia,65,Merlo
Tomas,45,Zárate
Lea,55,Vicente López
Ignacio,41,Mar del Plata
Josefina,26,Esteban Echeverría
Manuel,49,Quilmes
Valeria,66,Avellaneda
Joana,73,Lomas de Zamora
Gael,27,Pergamino
Axa,28,Chascomús
Rodrigo,61,Tigre
Pia,56,Quilmes
Agustina,42,Vicente López
Joaquín,56,Pilar
Ira,51,Bahía Blanca
Oli,53,Luján
Lisandro,18,Junín
Guadalupe,64,Lomas de Zamora
Gabriel,61,Zárate
Camila,52,Azul
Bartolomé,35,Azul
Daniela,59,Morón
Constanza,25,Tandil
Alan,45,Temperley
Camilo,47,Lanús
Lara,64,Zárate
Archibaldo,64,Bahía Blanca
Sebastián,50,Azul
Pol,29,Esteban Echeverría
Juan,24,Luján
Jon,58,Tandil
Kev,71,Pergamino
Emiliano,50,Berazategui
Nia,30,Banfield
Eva,41,Azul
Evangelina,28,Moreno
Patricia,67,Campana
Roy,51,Campana
Verónica,18,Berazategui
Bautista,38,Ezeiza
Luz,19,Lomas de Zamora
Silvina,41,Zárate
Encarnación,71,Chascomús
Hermenegildo,37,Mar del Plata
Mara,21,Mar del Plata
Valentina,74,Merlo
Ivan,23,Quilmes
Santiago,64,Ezeiza
Esteban,70,Quilmes
Clara,66,Moreno
Nicolas,67,Banfield
Concepción,26,Junín
Guillermo,48,Moreno
Teo,28,Bahía Blanca
Nina,51,Luján
Facundo,56,Tigre
Esperanza,31,Campana
Noa,52,Azul
Milo,64,Necochea
Victoria,30,Necochea
Benjamin,37,Vicente López
Mateo,60,Pergamino
Federico,41,Pilar
Marcelo,75,Esteban Echeverría
Fabricio,46,Lomas de Zamora
Felipe,33,Mar del Plata
Leandro,22,Morón
Diego,19,Merlo
Martina,53,Mar del Plata
Francisca,55,Mar del Plata
Sabrina,18,Quilmes
Maximiliano,63,Pergamino
Ana,21,Mar del Plata
Mauricio,22,Zárate
Claudio,20,Luján
Emy,39,Quilmes
Jerónimo,50,Mar del Plata
Adu,35,Junín
Hernan,49,La Plata
Gonzalo,52,Banfield
Alejandro,64,Campana
Desiderio,74,Merlo
Melina,54,Ezeiza
Lucia,33,Chascomús
Candelaria,48,Chascomús
Magdalena,44,La Plata
Montserrat,24,Lomas de Zamora
Gaston,60,Tigre
Ezequiel,40,Tigre
Mia,44,Pilar
Umi,73,Olavarría
Juliet,21,Junín
Sofia,59,Pergamino
Crisóstomo,24,Avellaneda
Gonzalo,43,Olavarría
Ramiro,39,Chascomús
Lucas,73,Lomas de Zamora
Cristian,33,La Plata
Bruno,30,Moreno
Bernardo,46,Banfield
Alma,45,Temperley
Enzo,35,Pilar
Mariano,33,Luján
Leo,22,Pilar
Elena,69,Luján
Paula,72,Moreno
